Subject,Start Date,Start Time,End Date,End Time,All Day Event,Description,Location,Private
"Marathon",03/01/2025,09:00 AM,03/01/2025,05:00 PM,False,"","",False
"Marathon",03/02/2025,09:00 AM,03/02/2025,05:00 PM,False,"","",False
"Marathon",03/03/2025,09:00 AM,03/03/2025,05:00 PM,False,"","",False
"Marathon",03/04/2025,09:00 AM,03/04/2025,05:00 PM,False,"","",False
"Marathon",03/05/2025,09:00 AM,03/05/2025,05:00 PM,False,"","",False
"Marathon",03/06/2025,09:00 AM,03/06/2025,05:00 PM,False,"","",False
"Marathon",03/07/2025,09:00 AM,03/07/2025,05:00 PM,False,"","",False
"Marathon",03/08/2025,09:00 AM,03/08/2025,05:00 PM,False,"","",False
"Marathon",03/09/2025,09:00 AM,03/09/2025,05:00 PM,False,"","",False
"Marathon",03/10/2025,09:00 AM,03/10/2025,05:00 PM,False,"","",False
"Marathon",03/11/2025,09:00 AM,03/11/2025,05:00 PM,False,"","",False
"Marathon",03/12/2025,09:00 AM,03/12/2025,05:00 PM,False,"","",False
"Marathon",03/13/2025,09:00 AM,03/13/2025,05:00 PM,False,"","",False
"Marathon",03/14/2025,09:00 AM,03/14/2025,05:00 PM,False,"","",False
"Marathon",03/15/2025,09:00 AM,03/15/2025,05:00 PM,False,"","",False
"Marathon",03/16/2025,09:00 AM,03/16/2025,05:00 PM,False,"","",False
"Marathon",03/17/2025,09:00 AM,03/17/2025,05:00 PM,False,"","",False
"Marathon",03/18/2025,09:00 AM,03/18/2025,05:00 PM,False,"","",False
"Marathon",03/19/2025,09:00 AM,03/19/2025,05:00 PM,False,"","",False
"Marathon",03/20/2025,09:00 AM,03/20/2025,05:00 PM,False,"","",False
"Marathon",03/21/2025,09:00 AM,03/21/2025,05:00 PM,False,"","",False
"Marathon",03/22/2025,09:00 AM,03/22/2025,05:00 PM,False,"","",False
"Marathon",03/23/2025,09:00 AM,03/23/2025,05:00 PM,False,"","",False
"Marathon",03/24/2025,09:00 AM,03/24/2025,05:00 PM,False,"","",False
"Marathon",03/25/2025,09:00 AM,03/25/2025,05:00 PM,False,"","",False
